protein,Temp,pH,Kcat,Km,Vmax,Kcat-SD,Km-SD,R2,Kcat/Km,p_1,p_2,p_3,p_4,p_5,p_6,p_7,p_8,p_9,p_10,p_11,p_12,p_13,p_14,p_15,p_16,p_17,p_18,p_19,p_20,p_21,p_22,p_23,p_24,p_25,p_26,p_27,p_28,p_29,p_30,p_31,p_32,p_33,p_34,p_35,p_36,p_37,p_38,p_39,p_40,p_41,p_42,p_43,p_44,p_45,p_46,p_47,p_48,p_49,p_50,p_51,p_52,p_53,p_54,p_55,p_56,p_57,p_58,p_59,p_60,p_61,p_62,p_63,p_64,p_65,p_66,p_67,p_68,p_69,p_70,p_71,p_72,p_73,p_74,p_75,p_76,p_77,p_78,p_79,p_80,p_81,p_82,p_83,p_84,p_85,p_86,p_87,p_88,p_89,p_90,p_91,p_92,p_93,p_94,p_95,p_96,p_97,p_98,p_99,p_100,p_101,p_102,p_103,p_104,p_105,p_106,p_107,p_108,p_109,p_110,p_111,p_112,p_113,p_114,p_115,p_116,p_117,p_118,p_119,p_120,p_121,p_122,p_123,p_124,p_125,p_126,p_127,p_128,p_129,p_130,p_131,p_132,p_133,p_134,p_135,p_136,p_137,p_138,p_139,p_140,p_141,p_142,p_143,p_144,p_145,p_146,p_147,p_148,p_149,p_150,p_151,p_152,p_153,p_154,p_155,p_156,p_157,p_158,p_159,p_160,p_161,p_162,p_163,p_164,p_165,p_166,p_167,p_168,p_169,p_170,p_171,p_172,p_173,p_174,p_175,p_176,p_177,p_178,p_179,p_180,p_181,p_182,p_183,p_184,p_185,p_186,p_187,p_188,p_189,p_190,p_191,p_192,p_193,p_194,p_195,p_196,p_197,p_198,p_199,p_200,p_201,p_202,p_203,p_204,p_205,p_206,p_207,p_208,p_209,p_210,p_211,p_212,p_213,p_214,p_215,p_216
H_sapiens,31,7.31,0.001448,133.8,28.13,3.72E-05,9.465,0.9815,1.08E-05,M,D,S,L,,,,,L,M,N,R,R,K,F,L,Y,Q,F,K,N,V,R,W,A,K,G,R,R,E,T,Y,L,C,Y,V,V,K,R,R,D,S,A,T,S,F,S,L,D,F,G,Y,L,R,N,K,N,G,C,H,V,E,L,L,F,L,R,Y,I,,,,,,,,,,,,S,D,W,D,L,D,P,G,R,C,Y,R,V,T,W,F,T,S,W,S,P,C,Y,D,C,A,R,H,V,A,D,F,L,R,G,N,P,N,L,S,L,R,I,F,T,A,R,L,Y,F,C,E,D,,R,K,A,E,P,E,G,L,R,R,L,H,R,A,G,V,Q,I,A,I,M,T,F,K,D,Y,F,Y,C,W,N,T,F,V,E,N,H,E,R,T,F,K,A,W,E,G,L,H,E,N,S,V,R,L,S,R,Q,L,R,R,I,L,L,P,L,Y,E,V,D,D,L,R,D,A,F,R,T,L,G,L,,
G_morhua,8,8.08,1.36E-06,44.05,0.02585,3.05E-08,3.421,0.9735,3.09E-08,M,I,S,K,L,D,S,V,L,L,A,Q,K,K,F,I,Y,N,Y,K,N,M,R,W,A,K,G,R,N,E,T,Y,L,C,F,V,V,K,R,R,L,G,P,D,S,L,S,F,D,F,G,H,L,R,N,R,T,G,C,H,A,E,L,L,F,L,S,Y,L,,,G,A,L,C,P,G,L,W,G,C,A,D,D,R,N,R,R,L,S,Y,S,V,T,W,F,C,S,W,S,P,C,A,N,C,A,T,T,L,T,R,F,L,R,Q,T,P,N,L,R,L,R,I,F,V,S,R,L,Y,F,C,D,L,E,G,S,P,H,V,E,G,L,R,D,L,R,R,A,G,V,Q,V,K,V,M,S,Y,K,D,Y,F,Y,C,W,Q,T,F,V,A,H,R,L,S,R,F,K,A,W,E,G,L,H,T,N,Y,V,R,L,S,R,K,L,N,R,I,L,Q,P,C,E,T,E,D,L,R,D,V,F,R,L,F,G,L,L,T,
D_rerio,25,7.56,,,,,,,,M,I,C,K,L,D,S,V,L,M,T,Q,K,K,F,I,F,H,Y,K,N,V,R,W,A,R,G,R,H,E,T,Y,L,C,F,V,V,K,R,R,I,G,P,D,S,L,S,F,D,F,G,H,L,R,N,R,S,G,C,H,V,E,L,L,F,L,R,H,L,,,G,A,L,C,P,G,L,S,A,S,S,V,D,G,,A,R,L,C,Y,S,V,T,W,F,C,S,W,S,P,C,S,K,C,A,Q,Q,L,A,H,F,L,S,Q,T,P,N,L,R,L,R,I,F,V,S,R,L,Y,F,C,D,E,E,D,S,V,E,R,E,G,L,R,H,L,K,R,A,G,V,Q,I,S,V,M,T,Y,K,D,F,F,Y,C,W,Q,T,F,V,A,R,R,E,R,S,F,K,A,W,D,G,L,H,E,N,S,V,R,L,V,R,K,L,N,R,I,L,Q,P,C,E,T,E,D,L,R,D,V,F,A,L,L,G,L,,,
I_punctatus,14,7.89,5.50E-05,68.77,1.058,1.62E-06,6.52,0.9675,8.00E-07,M,,S,K,L,D,S,V,L,L,T,Q,R,K,F,I,Y,H,Y,K,N,V,R,W,A,R,G,R,N,E,T,Y,L,C,F,V,V,K,K,R,N,S,P,D,S,L,S,F,D,F,G,H,L,R,N,R,S,G,C,H,V,E,L,L,F,L,S,Y,L,,,G,V,L,C,P,G,F,L,G,S,G,V,D,G,,V,R,V,A,Y,A,I,T,W,F,C,S,W,S,P,C,S,N,C,A,H,R,L,S,R,F,M,S,Q,M,P,N,L,R,L,R,I,F,V,S,R,L,Y,F,C,D,E,E,D,S,Q,E,R,E,G,L,R,C,L,Q,R,A,G,V,Q,V,T,V,M,T,Y,K,D,F,F,Y,C,W,Q,T,F,V,A,Q,N,Q,K,A,F,K,A,W,D,D,L,H,Q,N,S,I,R,L,S,R,K,L,Q,R,I,L,Q,P,S,E,S,E,D,L,R,D,G,F,A,L,L,G,L,,,
O_latipes,32,7.56,0.03874,1169,737.7,0.006819,285.2,0.9693,3.31E-05,M,I,T,K,L,D,S,V,L,L,P,K,K,K,F,I,Y,H,Y,K,N,M,R,W,A,R,G,R,H,E,T,Y,L,C,F,V,V,K,R,R,V,G,P,E,S,L,S,F,D,F,G,H,L,R,N,R,N,G,C,H,V,E,L,L,F,L,R,H,L,,,S,A,L,C,P,G,L,W,G,Y,G,A,T,G,Q,G,R,V,S,Y,S,I,T,W,F,C,S,W,S,P,C,A,N,C,S,F,R,L,A,Q,F,L,S,Q,T,P,N,L,R,L,R,I,F,V,S,R,L,Y,F,C,D,L,E,D,S,R,E,R,E,G,L,R,M,L,K,K,V,G,V,H,I,T,V,M,S,Y,K,D,Y,F,Y,C,W,Q,T,F,V,A,R,K,Q,S,K,F,K,P,W,D,G,L,H,Q,N,S,V,R,L,S,R,K,L,N,R,I,L,Q,P,C,E,T,E,D,F,R,D,A,F,K,L,L,G,L,,,
P_transmontana,28,7.56,0.002082,848.4,39.74,0.0001989,122.4,0.9765,2.45E-06,M,I,T,K,L,D,S,V,L,L,A,Q,K,K,F,I,F,H,Y,K,N,M,R,W,A,R,G,R,H,E,T,Y,L,C,F,V,I,K,R,R,V,G,P,N,S,L,S,F,D,F,G,H,L,R,N,R,S,G,C,H,V,E,I,L,F,L,R,H,L,,,G,A,L,C,P,G,L,W,G,E,G,G,T,G,E,R,R,L,S,Y,S,I,T,W,F,C,S,W,S,P,C,A,N,C,S,L,R,L,A,Q,I,L,R,Q,L,P,N,L,R,L,R,I,F,V,S,R,L,Y,F,C,D,L,E,D,S,K,E,R,D,G,L,R,M,L,K,N,V,G,V,Q,I,T,V,M,S,Y,K,D,Y,F,Y,C,W,Q,T,F,V,A,H,R,K,S,N,F,K,A,W,D,G,L,H,Q,N,S,V,R,L,A,R,K,L,N,R,I,L,Q,P,C,E,I,E,D,L,R,D,A,F,K,L,L,G,F,,,
G_argenteus,12,8.2,2.07E-05,22.86,0.396,3.27E-07,1.345,0.9874,9.07E-07,M,I,S,K,L,D,S,V,L,L,A,Q,K,K,F,I,Y,N,Y,N,N,M,R,W,A,K,G,R,N,E,T,Y,L,C,F,V,V,K,R,R,L,G,P,D,S,L,S,F,D,F,G,H,L,R,N,R,T,G,C,H,A,E,V,L,F,L,S,Y,L,,,G,A,L,C,P,G,L,W,G,C,A,G,D,R,S,L,R,L,S,Y,S,V,T,W,F,C,S,W,S,P,C,A,N,C,A,A,T,L,A,R,F,L,R,Q,T,P,N,L,R,L,R,I,F,V,A,R,L,Y,F,C,D,L,E,G,S,P,H,V,E,G,L,R,D,L,R,R,A,G,V,Q,V,K,V,M,S,Y,K,D,Y,F,Y,C,W,Q,T,F,V,A,H,R,L,S,R,F,K,A,W,E,G,L,H,T,N,S,V,R,L,S,R,K,L,N,R,I,L,Q,P,C,E,T,E,D,L,R,D,V,F,R,L,F,G,L,L,T,
M_berglax,12,7.89,1.09E-05,19.12,0.2087,1.96E-07,1.307,0.9766,5.71E-07,M,I,S,K,L,D,S,I,L,L,A,Q,K,K,F,K,Y,N,Y,N,N,M,R,W,A,K,G,R,N,E,T,Y,L,C,F,V,V,K,R,R,L,G,P,N,S,L,S,F,D,F,G,H,L,R,N,R,A,G,C,H,V,E,L,L,F,L,S,H,L,,,G,A,L,C,P,G,L,W,G,F,G,G,A,E,N,I,R,L,S,Y,S,V,T,W,F,C,S,W,S,P,C,A,N,C,A,A,T,L,A,R,F,L,R,Q,T,P,N,L,R,L,R,I,F,V,A,R,L,Y,F,C,E,L,A,D,S,P,H,S,E,G,L,R,E,L,R,R,A,G,V,Q,V,N,V,M,T,Y,K,D,Y,F,Y,C,W,Q,T,F,V,A,H,R,L,S,R,F,K,A,W,E,G,L,H,T,N,S,V,R,L,S,R,K,L,N,L,I,L,Q,P,C,E,T,E,D,L,R,D,A,F,R,L,I,G,L,L,T,
B_melanobranchus,8,7.89,7.70E-06,13.28,0.1468,1.72E-07,1.169,0.9423,5.80E-07,M,I,S,K,L,D,S,V,L,L,A,Q,K,K,F,M,Y,N,Y,K,N,V,R,W,A,K,G,R,H,E,T,Y,L,C,F,V,V,R,R,R,L,G,P,N,S,L,S,F,D,F,G,H,L,R,N,R,T,G,C,H,V,E,L,L,F,L,S,H,L,,,G,A,L,C,P,G,L,W,G,C,V,G,D,D,N,R,R,L,S,Y,S,V,T,W,F,C,S,W,S,P,C,A,N,C,A,A,T,L,A,R,F,L,R,Q,T,P,N,L,R,L,R,I,F,V,A,R,L,Y,F,C,D,L,E,D,S,P,N,I,E,G,L,R,E,L,R,R,A,G,V,Q,V,I,V,M,S,Y,K,D,Y,F,Y,C,W,Q,T,F,V,A,H,R,L,S,R,F,K,A,W,E,G,L,H,T,N,S,V,R,L,S,R,K,L,N,R,I,L,Q,P,C,E,T,E,D,L,R,D,A,F,R,V,I,G,L,L,S,
T_subterraneus,8,7.89,1.30E-05,24.25,0.248,3.18E-07,2.202,0.9617,5.36E-07,M,I,S,K,L,D,S,V,L,L,A,Q,K,K,F,I,F,H,Y,K,N,M,R,W,A,R,G,R,N,E,T,Y,L,C,F,V,I,K,R,R,V,G,P,D,S,L,S,F,D,F,G,H,L,R,N,R,S,G,C,H,V,E,L,L,F,L,R,H,L,,,G,A,L,C,P,G,L,W,G,Q,G,G,T,G,D,N,R,L,S,Y,S,I,T,W,F,C,S,W,S,P,C,S,N,C,S,H,R,L,A,Q,F,L,S,Q,L,P,N,L,R,L,R,I,F,V,S,R,L,Y,F,C,D,L,E,D,S,R,E,R,E,G,L,R,M,L,K,N,A,G,V,H,I,T,V,M,S,Y,K,D,Y,Y,Y,C,W,Q,T,F,V,A,R,R,K,S,K,F,K,A,W,E,G,L,H,Q,N,S,V,R,L,A,R,K,L,N,R,I,L,Q,P,C,E,I,E,D,L,R,D,A,F,K,L,L,G,F,,,
P_japonica,8,8.2,1.86E-05,34.27,0.3546,5.40E-07,3.554,0.9538,5.44E-07,M,I,T,K,L,D,S,V,L,L,A,Q,K,K,F,I,Y,H,Y,K,N,M,R,W,A,K,G,R,H,E,T,Y,L,C,F,V,V,K,R,R,V,G,P,D,S,M,S,F,D,F,G,H,L,R,N,R,S,G,C,H,V,E,L,L,F,L,R,H,L,,,G,A,L,C,P,G,L,W,G,Y,G,G,T,G,E,K,R,L,S,Y,S,V,T,W,F,C,S,W,S,P,C,S,N,C,S,Y,R,L,A,Q,F,L,S,Q,T,P,N,L,R,L,R,I,F,V,S,R,L,Y,F,C,D,L,E,D,S,R,E,R,D,G,L,R,M,L,K,R,A,G,V,Q,I,T,V,M,T,Y,K,D,Y,F,Y,C,W,Q,T,F,V,A,H,R,T,S,K,F,K,A,W,D,E,L,H,R,N,S,V,R,L,S,R,I,L,N,R,I,L,Q,P,C,E,T,E,D,L,R,D,A,F,R,L,L,G,L,,,
M_merluccius,8,7.77,8.33E-06,18.6,0.1591,1.79E-07,1.521,0.9655,4.48E-07,M,I,S,K,L,D,S,V,L,L,A,Q,K,K,F,M,Y,N,Y,K,N,M,R,W,A,K,G,R,N,Q,T,Y,L,C,F,V,V,K,R,R,L,G,P,D,S,L,S,F,D,F,G,H,L,H,N,R,T,G,C,H,A,E,L,L,F,L,S,H,L,,,G,A,L,C,P,G,L,W,G,C,G,G,D,E,N,R,R,L,S,Y,S,V,T,W,F,C,S,W,S,P,C,A,N,C,A,A,T,L,A,R,F,L,R,L,T,P,N,L,R,L,R,I,F,V,A,R,L,Y,F,C,D,V,E,D,S,P,H,R,E,G,L,R,N,L,R,R,A,G,V,L,V,N,V,M,S,Y,K,D,Y,F,Y,C,W,Q,T,F,V,A,H,R,L,S,R,F,K,A,W,E,G,L,H,T,N,S,V,R,L,S,R,T,L,N,R,I,L,Q,P,C,E,T,E,D,L,R,D,A,F,R,L,I,G,L,L,T,
M_molva,4,7.89,3.03E-06,6.438,0.05781,7.39E-08,0.6859,0.943,4.71E-07,M,I,S,K,L,D,S,V,L,L,A,Q,K,K,F,I,Y,N,Y,K,N,M,R,W,A,K,G,R,N,E,T,Y,L,C,F,V,V,K,R,R,L,G,P,D,S,L,S,F,D,F,G,H,L,R,N,R,T,G,C,H,V,E,L,L,F,L,S,Y,L,,,G,A,L,C,P,G,L,W,G,C,G,G,D,T,N,R,R,L,S,Y,S,V,T,W,F,C,S,W,S,P,C,A,N,C,A,A,T,L,A,R,F,L,R,H,T,P,N,L,R,L,R,I,F,V,A,R,L,Y,F,C,D,L,E,G,S,P,H,I,E,G,L,R,D,L,R,R,A,G,V,Q,V,K,V,M,S,Y,K,D,Y,F,Y,C,W,Q,T,F,V,A,H,K,L,S,R,F,K,A,W,E,G,L,H,T,N,Y,V,R,L,S,R,K,L,N,R,I,L,Q,P,C,E,T,E,D,L,R,D,A,F,R,L,F,G,L,L,T,
S_salar_1,12,7.89,1.24E-05,52.73,0.238,1.87E-07,2.673,0.9842,2.36E-07,M,I,N,K,F,D,S,V,L,L,A,Q,K,K,F,I,Y,H,Y,K,N,M,R,W,A,K,G,R,H,E,T,Y,L,C,F,V,V,K,R,R,V,G,P,N,S,L,S,F,D,F,G,H,L,R,N,R,S,G,C,H,V,E,L,L,F,L,R,L,L,E,A,G,A,L,C,P,G,L,W,G,Y,G,A,P,D,S,V,G,L,C,Y,S,V,T,W,F,C,S,W,S,P,C,S,D,C,S,Y,R,L,A,Q,F,L,S,Q,T,P,N,L,R,L,R,I,Y,V,S,R,L,Y,F,C,D,P,E,D,S,S,A,R,E,G,L,R,M,L,Q,R,A,G,V,Q,I,T,V,M,N,Y,E,D,Y,F,Y,C,W,Q,T,F,V,A,C,R,Q,R,V,F,K,A,W,D,G,L,H,Q,N,S,V,Q,L,A,R,K,L,N,D,I,L,Q,P,G,E,A,E,D,W,G,D,A,F,E,L,L,G,L,,,
S_salar_2,12,7.89,2.12E-05,51.92,0.405,3.91E-07,3.253,0.9842,4.08E-07,M,I,N,K,F,D,S,V,L,L,A,Q,K,K,F,I,Y,H,Y,K,N,M,R,W,A,K,G,R,H,E,T,Y,L,C,F,V,V,K,R,R,G,G,P,N,S,L,S,F,D,F,G,H,L,R,N,R,S,G,C,H,V,E,L,L,F,L,R,L,L,E,A,G,A,L,C,P,G,L,W,G,Y,G,A,P,D,S,V,G,L,C,Y,S,V,T,W,F,C,S,W,S,P,C,S,D,C,S,Y,R,L,A,Q,F,L,S,Q,T,P,N,L,R,L,R,I,Y,V,S,R,L,Y,F,C,D,P,E,D,S,S,A,R,E,G,L,R,M,L,Q,R,A,G,V,Q,I,T,V,M,N,Y,E,D,Y,F,Y,C,W,Q,T,F,V,A,C,R,Q,R,V,F,K,A,W,D,G,L,H,Q,N,S,V,Q,L,A,R,K,L,N,D,I,L,Q,P,G,E,A,E,D,W,G,D,A,F,E,L,L,G,L,,,
L_lota,8,8.08,1.01E-05,24.12,0.1922,1.92E-07,1.7,0.9766,4.18E-07,M,I,S,K,L,D,S,V,L,L,A,Q,K,K,F,I,Y,N,Y,K,N,I,R,W,A,K,G,R,N,E,T,Y,L,C,F,V,V,K,R,R,L,G,P,D,S,L,S,F,D,F,G,H,L,R,N,R,T,G,C,H,V,E,L,L,F,L,S,Y,L,,,G,A,L,C,P,G,L,W,G,C,G,G,D,R,N,R,R,L,S,Y,S,V,T,W,F,C,S,W,S,P,C,A,N,C,A,A,T,L,A,R,F,L,R,Q,T,P,N,L,R,L,R,I,F,V,A,R,L,Y,F,C,D,L,E,G,S,P,H,I,E,G,L,R,D,L,R,R,A,G,V,Q,V,K,V,M,S,Y,K,D,Y,F,Y,C,W,Q,T,F,V,A,H,R,L,S,R,F,K,A,W,E,G,L,H,T,N,S,V,R,L,S,R,K,L,N,R,I,L,Q,P,C,E,T,E,D,L,R,D,A,F,R,L,F,G,L,L,T,
A_glacialis,4,7.89,1.14E-06,295.1,0.0217,4.99E-08,27.56,0.9822,3.88E-09,M,I,S,K,L,D,S,V,L,L,A,Q,N,K,F,I,Y,N,Y,K,N,M,R,W,A,K,G,R,N,E,T,Y,L,C,F,V,M,K,R,R,L,G,P,D,S,L,S,F,D,F,G,H,L,R,N,R,T,G,C,H,A,E,L,L,F,L,S,Y,L,,,G,A,L,C,P,G,L,W,G,C,A,D,D,R,N,R,R,L,S,Y,S,V,T,W,F,C,S,W,S,P,C,A,N,C,A,T,T,L,T,R,F,L,R,Q,T,P,N,L,R,L,R,I,F,V,S,R,L,Y,F,C,D,L,E,G,S,P,H,V,E,G,L,R,D,L,R,R,A,G,V,Q,V,K,V,M,S,Y,K,D,Y,F,Y,C,W,Q,T,F,V,A,H,R,L,S,R,F,K,A,W,E,G,L,H,T,N,Y,V,R,L,S,R,K,L,N,R,I,L,Q,P,C,E,T,E,D,L,R,D,V,F,R,L,F,G,L,L,T,
M_marmoratus,8,7.56,3.93E-06,57.69,0.07504,1.33E-07,6.495,0.9525,6.81E-08,M,I,S,K,L,D,S,V,L,L,G,Q,K,K,F,I,Y,N,Y,K,N,M,R,W,A,K,G,R,N,E,T,Y,L,C,F,V,V,K,R,R,L,G,P,D,S,M,S,F,D,F,G,H,L,R,N,R,A,G,C,H,V,E,L,L,F,L,S,H,L,,,G,A,L,C,P,G,L,W,G,C,G,G,D,E,N,R,R,L,S,Y,S,V,T,W,F,C,S,W,S,P,C,A,N,C,A,A,T,L,A,R,L,L,R,Q,T,P,N,L,R,L,R,I,F,V,A,R,L,Y,F,C,D,L,E,G,S,P,H,S,E,G,L,R,D,L,R,R,A,G,V,Q,V,N,V,M,S,Y,K,D,Y,F,Y,C,W,Q,T,F,V,A,H,R,V,S,R,F,K,A,W,E,G,L,H,T,N,S,V,R,L,S,R,K,L,N,R,I,L,Q,P,R,E,T,D,D,L,R,D,A,F,R,L,I,G,L,L,T,
T_rubripes,8,7.77,3.27E-06,101.8,0.06214,1.07E-07,9.85,0.9682,3.21E-08,M,I,T,K,L,D,S,M,L,L,P,R,K,K,F,I,Y,H,Y,K,N,V,R,W,A,R,G,R,H,E,T,Y,L,C,F,V,V,K,R,R,V,G,P,D,T,L,T,F,D,F,G,H,L,R,N,R,S,G,C,H,V,E,L,L,F,L,R,Y,L,,,G,A,L,C,P,G,L,W,G,Y,G,A,A,G,E,K,R,L,S,Y,S,V,T,W,F,C,S,W,S,P,C,V,N,C,S,I,Q,L,C,Q,F,L,N,N,T,P,N,L,R,L,R,I,F,V,S,R,L,Y,F,C,D,L,E,D,S,L,E,R,E,G,L,R,M,L,T,K,A,G,V,R,I,S,V,M,S,Y,K,D,Y,F,Y,C,W,Q,K,F,V,D,C,K,K,S,N,F,K,A,W,E,E,L,H,Q,N,S,V,R,L,T,R,K,L,N,R,I,L,Q,A,W,D,L,E,D,L,R,D,A,L,K,L,L,G,F,,,
M_occidentalis,8,8.08,4.34E-06,110.9,0.08287,1.23E-07,9.595,0.9775,3.92E-08,M,I,S,K,L,D,S,V,L,L,A,Q,K,K,F,I,Y,N,Y,K,N,I,R,W,A,K,G,R,N,E,T,Y,L,C,F,V,V,K,R,R,L,G,P,N,S,L,S,F,D,F,G,H,L,R,N,R,T,G,C,H,V,E,L,L,F,L,S,Y,L,,,G,A,L,C,P,G,L,W,G,C,G,G,A,D,N,R,R,L,N,Y,S,V,T,W,F,C,S,W,S,P,C,A,N,C,A,A,T,L,A,R,F,L,R,Q,T,P,N,L,R,L,R,I,F,V,A,R,L,Y,F,C,D,L,D,D,S,P,H,T,E,G,L,R,E,L,R,R,A,G,V,Q,F,T,V,M,S,Y,K,D,Y,F,Y,C,W,Q,T,F,V,A,H,R,L,S,R,F,K,A,W,E,G,L,H,T,N,S,V,R,L,S,R,K,L,N,R,I,L,Q,P,C,E,T,E,D,L,R,D,A,F,R,L,I,G,L,L,S,
L_laureysi,8,7.56,1.81E-06,18.92,0.03449,5.15E-08,2.041,0.9444,9.59E-08,M,I,S,K,L,D,S,V,L,L,A,Q,K,K,F,M,F,N,Y,K,N,M,R,W,A,R,G,R,N,E,T,Y,L,C,F,V,V,K,R,R,L,G,P,N,S,L,S,F,D,F,G,H,L,R,N,R,T,G,C,H,V,E,L,L,F,L,S,Y,L,,,G,A,L,C,P,G,L,W,G,C,R,G,D,E,N,R,R,L,S,Y,S,V,T,W,F,C,S,W,S,P,C,A,N,C,A,A,T,L,A,R,F,L,R,Q,T,P,N,L,R,L,R,I,F,V,A,R,L,Y,F,C,D,L,E,D,S,P,H,I,E,G,L,R,D,L,R,R,A,G,V,R,V,T,V,M,S,Y,K,D,Y,F,Y,C,W,Q,T,F,V,A,H,R,L,S,R,F,K,A,W,E,G,L,H,T,N,S,V,R,L,S,R,K,L,N,R,I,L,Q,P,C,E,T,E,D,L,R,D,A,F,R,L,I,G,L,L,T,
M_merlangus,4,7.77,1.92E-06,29.47,0.03643,4.74E-08,2.653,0.9629,6.50E-08,M,I,S,K,L,D,S,V,L,L,A,Q,K,K,F,I,Y,N,Y,K,N,M,R,W,A,K,G,R,N,E,T,Y,L,C,F,V,V,K,R,R,L,G,P,D,S,L,S,F,D,F,G,H,L,R,N,R,T,G,C,H,A,E,L,L,F,L,S,Y,L,,,G,A,L,C,P,G,L,W,G,C,A,G,D,R,N,R,R,L,S,Y,S,V,T,W,F,C,S,W,S,P,C,A,N,C,A,T,T,L,S,R,F,L,R,Q,T,P,N,L,R,L,R,I,F,V,S,R,L,Y,F,C,D,L,E,G,S,P,H,V,E,G,L,R,D,L,R,R,A,G,V,Q,V,K,V,M,S,Y,K,D,Y,F,Y,C,W,Q,T,F,V,A,H,R,L,S,R,F,K,A,W,E,G,L,H,T,N,Y,V,R,L,S,R,K,L,N,R,I,L,Q,P,C,E,T,E,D,L,R,D,V,F,R,L,F,G,L,L,T,
B_brosme,4,8.08,1.39E-06,16.73,0.02647,3.72E-08,1.725,0.9464,8.29E-08,M,M,S,K,L,D,S,V,L,L,A,Q,K,K,F,I,Y,N,Y,K,N,L,R,W,A,K,G,R,N,E,T,Y,L,C,F,V,V,K,R,R,L,G,P,D,S,L,S,F,D,F,G,H,L,R,N,R,T,G,C,H,V,E,L,L,F,L,S,Y,L,,,G,A,L,C,P,G,L,W,G,C,G,G,D,R,N,Q,R,L,S,Y,S,V,T,W,F,C,S,W,S,P,C,A,N,C,A,A,T,L,A,R,F,L,R,H,T,P,N,L,R,L,R,I,F,V,A,R,L,Y,F,C,D,L,E,G,S,P,H,I,E,G,L,R,D,L,R,R,A,G,V,Q,V,K,V,M,S,Y,K,D,Y,F,Y,C,W,Q,T,F,V,A,H,R,L,S,R,F,K,A,W,E,G,L,H,T,N,S,V,R,L,S,R,A,L,N,R,I,L,Q,P,C,E,T,E,D,L,R,D,P,F,R,L,F,G,L,L,T,
T_murrayi,0,8.08,,,,,,,,M,I,S,K,L,D,S,V,L,L,A,Q,K,K,F,I,Y,N,Y,K,N,M,R,W,A,K,G,R,N,E,T,Y,L,C,F,V,V,K,R,R,L,G,P,D,S,L,S,F,D,F,G,H,L,R,N,R,L,G,C,H,V,E,L,L,F,L,S,H,L,,,G,A,L,C,P,G,L,W,G,C,G,G,D,V,N,R,R,L,S,Y,S,V,T,W,F,C,S,W,S,P,C,A,N,C,A,A,T,L,A,R,F,L,R,Q,T,P,N,L,R,L,R,I,F,V,A,R,L,Y,F,C,D,L,E,D,S,P,H,I,E,G,L,R,D,L,R,R,A,G,V,Q,V,T,V,M,S,Y,K,D,Y,F,Y,C,W,Q,T,F,V,A,H,R,L,S,R,F,K,A,W,E,G,L,H,T,N,S,V,R,L,S,R,K,L,N,R,I,L,Q,P,C,E,T,E,D,L,R,D,A,F,R,L,I,G,L,L,T,
S_chordatus,8,7.56,6.30E-06,172.6,0.1211,3.17E-07,22.18,0.9552,3.65E-08,M,I,A,K,L,D,S,V,L,L,A,R,N,K,F,I,Y,H,Y,K,N,M,R,W,A,K,G,R,N,E,T,Y,L,C,F,V,V,K,R,R,V,G,P,D,S,L,A,F,D,F,G,H,L,R,N,R,T,G,C,H,V,E,L,L,F,L,R,H,L,,,G,A,L,C,P,G,L,W,G,,G,A,A,G,D,K,R,L,S,Y,S,V,T,W,F,C,S,W,S,P,C,A,N,C,A,S,T,L,A,Q,F,L,R,Q,T,P,N,L,R,L,R,L,F,V,A,R,L,Y,F,C,D,L,E,D,S,P,D,R,E,G,L,R,I,L,R,R,A,G,V,H,I,T,V,M,R,Y,K,D,Y,F,Y,C,W,Q,T,F,V,A,H,N,Q,S,R,F,K,A,W,E,G,L,H,P,N,S,V,R,L,S,R,T,L,N,R,I,L,Q,P,C,E,T,E,D,L,R,D,A,F,K,L,L,G,L,,,
C_roseus,8,7.56,2.30E-06,61.05,0.04364,7.60E-08,6.658,0.955,3.76E-08,M,I,T,K,L,D,S,V,L,L,A,R,K,T,F,I,Y,H,Y,K,N,M,R,W,A,K,G,R,H,E,T,Y,L,C,F,V,V,K,R,R,V,G,P,D,S,L,S,F,D,F,G,H,L,R,N,R,T,G,C,H,V,E,L,L,F,L,R,H,L,,,G,A,L,C,P,G,L,W,G,Q,G,G,A,D,E,R,R,L,S,Y,S,V,T,W,F,C,S,W,S,P,C,A,N,C,S,L,R,L,V,Q,F,L,G,Q,T,P,N,L,R,L,R,I,F,V,S,R,L,Y,Y,C,D,L,E,D,S,R,E,R,E,G,L,R,T,L,K,R,A,G,V,Q,I,T,V,M,S,Y,K,D,Y,F,Y,C,W,Q,T,F,V,A,R,R,Q,T,R,F,K,A,W,D,E,L,H,Q,N,S,V,R,L,A,R,K,L,N,R,I,L,Q,P,C,E,T,E,D,L,R,D,A,F,K,L,L,G,F,L,,
P_phycis,8,7.89,2.05E-06,17.77,0.03898,4.15E-08,1.379,0.9702,1.15E-07,M,I,S,K,L,D,S,V,L,L,A,Q,K,K,F,L,Y,N,Y,K,N,I,R,W,A,K,G,R,N,E,T,F,L,C,F,V,V,K,R,R,L,G,P,N,S,L,S,F,D,F,G,H,L,R,N,R,A,G,C,H,V,E,L,L,F,L,S,H,L,,,G,A,L,C,P,G,L,W,G,C,V,D,D,S,N,R,R,L,S,Y,S,V,T,W,F,C,S,W,S,P,C,A,N,C,A,A,T,L,A,R,F,L,R,M,T,P,N,L,R,L,R,I,F,V,A,R,L,Y,F,C,D,L,E,D,S,P,H,I,E,G,L,R,H,L,R,R,A,G,V,E,V,K,V,M,S,Y,K,D,Y,F,Y,C,W,Q,T,F,V,A,H,R,L,S,R,F,K,A,W,E,G,L,H,T,N,S,V,R,L,S,R,K,L,N,R,I,L,Q,P,C,E,T,E,D,L,R,D,A,F,R,L,F,G,L,L,T,
P_blennoides,8,7.89,3.21E-06,10.31,0.06109,7.02E-08,0.9191,0.9592,3.11E-07,M,I,S,K,L,D,S,V,L,L,A,Q,K,K,F,I,Y,N,Y,K,N,I,R,W,A,K,G,R,N,E,T,Y,L,C,F,V,V,K,R,R,L,G,P,N,S,L,S,F,D,F,G,H,L,R,N,R,A,G,C,H,V,E,L,L,F,L,S,H,L,,,G,A,L,C,P,G,L,W,G,C,V,D,D,S,N,R,R,L,S,Y,S,V,T,W,F,C,S,W,S,P,C,A,N,C,A,A,T,L,A,R,F,L,R,M,T,P,N,L,R,L,R,I,F,V,A,R,L,Y,F,C,D,L,E,D,S,P,H,I,E,G,L,R,H,L,R,R,A,G,V,E,V,K,V,M,S,Y,K,D,Y,F,Y,C,W,Q,T,F,V,A,H,R,L,S,R,F,K,A,W,E,G,L,H,T,N,S,V,R,L,S,R,K,L,N,R,I,L,Q,P,C,E,T,E,D,L,R,D,A,F,R,L,F,G,L,L,T,
T_minutus,8,7.89,2.87E-06,10.83,0.05465,6.44E-08,0.9843,0.9584,2.65E-07,M,I,S,K,L,D,S,V,L,L,A,Q,K,K,F,I,Y,N,Y,K,N,L,R,W,A,K,G,R,N,E,T,Y,L,C,Y,V,V,K,R,R,L,G,P,D,S,L,S,F,D,F,G,H,L,R,N,R,T,G,C,H,V,E,L,L,F,L,S,Y,L,,,G,A,L,C,P,G,L,W,G,C,T,D,D,R,N,R,R,L,S,Y,S,V,T,W,F,C,S,W,S,P,C,A,N,C,A,A,T,L,A,R,F,L,R,Q,T,P,N,L,R,L,R,I,F,V,A,R,L,Y,F,C,D,L,E,G,S,P,H,I,E,G,L,R,H,L,R,R,A,G,V,Q,V,K,V,M,S,Y,K,D,Y,F,Y,C,W,Q,T,F,V,A,H,R,L,S,R,F,K,A,W,E,G,L,H,T,N,S,V,R,L,S,R,K,L,N,R,I,L,Q,P,C,E,T,E,D,L,R,D,V,F,G,L,F,G,L,L,T,
P_virens,8,7.66,2.96E-06,33.15,0.05631,4.60E-08,1.849,0.9858,8.93E-08,M,I,S,K,L,D,S,V,L,L,A,Q,K,K,F,I,Y,N,Y,K,N,M,R,W,A,K,G,R,N,E,T,Y,L,C,F,V,V,K,R,R,L,G,P,D,S,L,S,F,D,F,G,H,L,R,N,R,T,G,C,H,A,E,L,L,F,L,S,Y,L,,,G,A,L,C,P,G,L,W,G,C,A,D,D,R,N,R,R,L,I,Y,S,V,T,W,F,C,S,W,S,P,C,A,N,C,A,T,T,L,A,R,F,L,R,Q,T,P,N,L,R,L,R,I,F,V,S,R,L,Y,F,C,D,L,E,G,S,P,H,V,E,G,L,R,D,L,R,R,A,G,V,Q,V,K,V,M,S,Y,K,D,Y,F,Y,C,W,Q,T,F,V,A,H,R,L,S,R,F,K,A,W,E,G,L,H,T,N,Y,V,R,L,S,R,K,L,N,R,I,L,Q,P,C,E,T,E,D,L,R,D,V,F,G,L,F,G,L,L,T,
Z_faber,8,7.89,4.22E-06,43.6,0.08043,9.69E-08,3.475,0.9737,9.68E-08,M,I,T,K,L,D,S,V,L,L,A,R,K,K,F,I,Y,H,Y,K,N,M,R,W,A,K,G,R,C,E,T,Y,L,C,F,V,V,K,R,R,V,G,P,N,S,L,S,F,D,F,G,H,L,R,N,R,T,G,C,H,V,E,L,L,F,L,R,H,L,,,G,A,L,C,P,G,L,W,G,H,G,G,P,Y,G,G,R,L,S,Y,S,V,T,W,F,C,S,W,S,P,C,A,N,C,S,F,R,L,A,Q,F,L,G,Q,T,P,N,L,R,L,R,I,F,V,S,R,L,Y,Y,C,D,L,E,D,S,R,E,R,E,G,L,R,I,L,K,R,A,G,V,Q,I,T,V,M,S,Y,K,D,Y,F,Y,C,W,Q,T,F,V,A,H,R,Q,T,S,F,K,A,W,D,E,L,H,Q,N,S,V,R,L,A,R,K,L,N,R,I,L,Q,P,C,E,T,E,D,L,R,D,A,F,K,L,L,G,F,L,,
M_aeglefinus,8,7.89,1.57E-06,67.47,0.02987,3.99E-08,5.549,0.974,2.33E-08,M,I,S,K,L,D,S,V,L,L,A,Q,K,K,F,I,Y,N,Y,K,N,M,R,W,A,K,G,R,N,E,T,Y,L,C,F,V,V,K,R,R,L,G,P,D,S,L,S,F,D,F,G,H,L,R,N,R,T,G,C,H,A,E,L,L,F,L,S,Y,L,,,G,A,L,C,P,G,L,W,G,C,A,G,D,R,N,R,R,L,S,Y,S,V,T,W,F,C,S,W,S,P,C,A,N,C,A,T,T,L,T,R,F,L,R,Q,T,P,N,L,R,L,R,I,F,V,S,R,L,Y,F,C,D,L,E,G,S,P,H,V,E,G,L,R,D,L,R,R,A,G,V,Q,V,K,V,M,S,Y,K,D,Y,F,Y,C,W,Q,T,F,V,A,H,R,L,S,R,F,K,A,W,E,G,L,H,T,N,Y,V,R,L,S,R,K,L,N,R,I,L,Q,P,C,E,T,E,D,L,R,D,V,F,R,L,F,G,L,L,T,
Gm_N29H,8,8.08,4.87E-06,119.8,0.09242,1.47E-07,10.31,0.9883,4.07E-08,M,I,S,K,L,D,S,V,L,L,A,Q,K,K,F,I,Y,N,Y,K,N,M,R,W,A,K,G,R,H,E,T,Y,L,C,F,V,V,K,R,R,L,G,P,D,S,L,S,F,D,F,G,H,L,R,N,R,T,G,C,H,A,E,L,L,F,L,S,Y,L,,,G,A,L,C,P,G,L,W,G,C,A,D,D,R,N,R,R,L,S,Y,S,V,T,W,F,C,S,W,S,P,C,A,N,C,A,T,T,L,T,R,F,L,R,Q,T,P,N,L,R,L,R,I,F,V,S,R,L,Y,F,C,D,L,E,G,S,P,H,V,E,G,L,R,D,L,R,R,A,G,V,Q,V,K,V,M,S,Y,K,D,Y,F,Y,C,W,Q,T,F,V,A,H,R,L,S,R,F,K,A,W,E,G,L,H,T,N,Y,V,R,L,S,R,K,L,N,R,I,L,Q,P,C,E,T,E,D,L,R,D,V,F,R,L,F,G,L,L,T,
Gm_N29R,8,7.89,2.44E-05,491.7,0.4619,1.23E-06,44.7,0.9944,4.95E-08,M,I,S,K,L,D,S,V,L,L,A,Q,K,K,F,I,Y,N,Y,K,N,M,R,W,A,K,G,R,R,E,T,Y,L,C,F,V,V,K,R,R,L,G,P,D,S,L,S,F,D,F,G,H,L,R,N,R,T,G,C,H,A,E,L,L,F,L,S,Y,L,,,G,A,L,C,P,G,L,W,G,C,A,D,D,R,N,R,R,L,S,Y,S,V,T,W,F,C,S,W,S,P,C,A,N,C,A,T,T,L,T,R,F,L,R,Q,T,P,N,L,R,L,R,I,F,V,S,R,L,Y,F,C,D,L,E,G,S,P,H,V,E,G,L,R,D,L,R,R,A,G,V,Q,V,K,V,M,S,Y,K,D,Y,F,Y,C,W,Q,T,F,V,A,H,R,L,S,R,F,K,A,W,E,G,L,H,T,N,Y,V,R,L,S,R,K,L,N,R,I,L,Q,P,C,E,T,E,D,L,R,D,V,F,R,L,F,G,L,L,T,
Gm_H136E,8,7.89,2.64E-06,26.13,0.05013,8.80E-08,3.206,0.9654,1.01E-07,M,I,S,K,L,D,S,V,L,L,A,Q,K,K,F,I,Y,N,Y,K,N,M,R,W,A,K,G,R,N,E,T,Y,L,C,F,V,V,K,R,R,L,G,P,D,S,L,S,F,D,F,G,H,L,R,N,R,T,G,C,H,A,E,L,L,F,L,S,Y,L,,,G,A,L,C,P,G,L,W,G,C,A,D,D,R,N,R,R,L,S,Y,S,V,T,W,F,C,S,W,S,P,C,A,N,C,A,T,T,L,T,R,F,L,R,Q,T,P,N,L,R,L,R,I,F,V,S,R,L,Y,F,C,D,L,E,G,S,P,E,V,E,G,L,R,D,L,R,R,A,G,V,Q,V,K,V,M,S,Y,K,D,Y,F,Y,C,W,Q,T,F,V,A,H,R,L,S,R,F,K,A,W,E,G,L,H,T,N,Y,V,R,L,S,R,K,L,N,R,I,L,Q,P,C,E,T,E,D,L,R,D,V,F,R,L,F,G,L,L,T,
Gm_V137R,8,7.99,2.43E-06,59.46,0.04616,8.58E-08,6.942,0.973,4.09E-08,M,I,S,K,L,D,S,V,L,L,A,Q,K,K,F,I,Y,N,Y,K,N,M,R,W,A,K,G,R,N,E,T,Y,L,C,F,V,V,K,R,R,L,G,P,D,S,L,S,F,D,F,G,H,L,R,N,R,T,G,C,H,A,E,L,L,F,L,S,Y,L,,,G,A,L,C,P,G,L,W,G,C,A,D,D,R,N,R,R,L,S,Y,S,V,T,W,F,C,S,W,S,P,C,A,N,C,A,T,T,L,T,R,F,L,R,Q,T,P,N,L,R,L,R,I,F,V,S,R,L,Y,F,C,D,L,E,G,S,P,H,R,E,G,L,R,D,L,R,R,A,G,V,Q,V,K,V,M,S,Y,K,D,Y,F,Y,C,W,Q,T,F,V,A,H,R,L,S,R,F,K,A,W,E,G,L,H,T,N,Y,V,R,L,S,R,K,L,N,R,I,L,Q,P,C,E,T,E,D,L,R,D,V,F,R,L,F,G,L,L,T,
Gm_N29H_H136E,8,7.99,,,,,,,,M,I,S,K,L,D,S,V,L,L,A,Q,K,K,F,I,Y,N,Y,K,N,M,R,W,A,K,G,R,H,E,T,Y,L,C,F,V,V,K,R,R,L,G,P,D,S,L,S,F,D,F,G,H,L,R,N,R,T,G,C,H,A,E,L,L,F,L,S,Y,L,,,G,A,L,C,P,G,L,W,G,C,A,D,D,R,N,R,R,L,S,Y,S,V,T,W,F,C,S,W,S,P,C,A,N,C,A,T,T,L,T,R,F,L,R,Q,T,P,N,L,R,L,R,I,F,V,S,R,L,Y,F,C,D,L,E,G,S,P,E,V,E,G,L,R,D,L,R,R,A,G,V,Q,V,K,V,M,S,Y,K,D,Y,F,Y,C,W,Q,T,F,V,A,H,R,L,S,R,F,K,A,W,E,G,L,H,T,N,Y,V,R,L,S,R,K,L,N,R,I,L,Q,P,C,E,T,E,D,L,R,D,V,F,R,L,F,G,L,L,T,
Gm_N29H_V137R,8,7.89,1.01E-05,143.7,0.1916,4.09E-07,15.7,0.9828,7.04E-08,M,I,S,K,L,D,S,V,L,L,A,Q,K,K,F,I,Y,N,Y,K,N,M,R,W,A,K,G,R,H,E,T,Y,L,C,F,V,V,K,R,R,L,G,P,D,S,L,S,F,D,F,G,H,L,R,N,R,T,G,C,H,A,E,L,L,F,L,S,Y,L,,,G,A,L,C,P,G,L,W,G,C,A,D,D,R,N,R,R,L,S,Y,S,V,T,W,F,C,S,W,S,P,C,A,N,C,A,T,T,L,T,R,F,L,R,Q,T,P,N,L,R,L,R,I,F,V,S,R,L,Y,F,C,D,L,E,G,S,P,H,R,E,G,L,R,D,L,R,R,A,G,V,Q,V,K,V,M,S,Y,K,D,Y,F,Y,C,W,Q,T,F,V,A,H,R,L,S,R,F,K,A,W,E,G,L,H,T,N,Y,V,R,L,S,R,K,L,N,R,I,L,Q,P,C,E,T,E,D,L,R,D,V,F,R,L,F,G,L,L,T,
Gm_N29R_H136E,8,7.77,1.54E-05,80.84,0.2921,6.06E-07,9.94,0.9718,1.91E-07,M,I,S,K,L,D,S,V,L,L,A,Q,K,K,F,I,Y,N,Y,K,N,M,R,W,A,K,G,R,R,E,T,Y,L,C,F,V,V,K,R,R,L,G,P,D,S,L,S,F,D,F,G,H,L,R,N,R,T,G,C,H,A,E,L,L,F,L,S,Y,L,,,G,A,L,C,P,G,L,W,G,C,A,D,D,R,N,R,R,L,S,Y,S,V,T,W,F,C,S,W,S,P,C,A,N,C,A,T,T,L,T,R,F,L,R,Q,T,P,N,L,R,L,R,I,F,V,S,R,L,Y,F,C,D,L,E,G,S,P,E,V,E,G,L,R,D,L,R,R,A,G,V,Q,V,K,V,M,S,Y,K,D,Y,F,Y,C,W,Q,T,F,V,A,H,R,L,S,R,F,K,A,W,E,G,L,H,T,N,Y,V,R,L,S,R,K,L,N,R,I,L,Q,P,C,E,T,E,D,L,R,D,V,F,R,L,F,G,L,L,T,
Gm_N29R_V137R,8,7.56,3.78E-05,241,0.7154,1.83E-06,26.76,0.9856,1.57E-07,M,I,S,K,L,D,S,V,L,L,A,Q,K,K,F,I,Y,N,Y,K,N,M,R,W,A,K,G,R,R,E,T,Y,L,C,F,V,V,K,R,R,L,G,P,D,S,L,S,F,D,F,G,H,L,R,N,R,T,G,C,H,A,E,L,L,F,L,S,Y,L,,,G,A,L,C,P,G,L,W,G,C,A,D,D,R,N,R,R,L,S,Y,S,V,T,W,F,C,S,W,S,P,C,A,N,C,A,T,T,L,T,R,F,L,R,Q,T,P,N,L,R,L,R,I,F,V,S,R,L,Y,F,C,D,L,E,G,S,P,H,R,E,G,L,R,D,L,R,R,A,G,V,Q,V,K,V,M,S,Y,K,D,Y,F,Y,C,W,Q,T,F,V,A,H,R,L,S,R,F,K,A,W,E,G,L,H,T,N,Y,V,R,L,S,R,K,L,N,R,I,L,Q,P,C,E,T,E,D,L,R,D,V,F,R,L,F,G,L,L,T,
Gm_H136E_V137R,8,7.89,6.73E-06,254.9,0.1277,4.56E-07,38.89,0.9733,2.64E-08,M,I,S,K,L,D,S,V,L,L,A,Q,K,K,F,I,Y,N,Y,K,N,M,R,W,A,K,G,R,N,E,T,Y,L,C,F,V,V,K,R,R,L,G,P,D,S,L,S,F,D,F,G,H,L,R,N,R,T,G,C,H,A,E,L,L,F,L,S,Y,L,,,G,A,L,C,P,G,L,W,G,C,A,D,D,R,N,R,R,L,S,Y,S,V,T,W,F,C,S,W,S,P,C,A,N,C,A,T,T,L,T,R,F,L,R,Q,T,P,N,L,R,L,R,I,F,V,S,R,L,Y,F,C,D,L,E,G,S,P,E,R,E,G,L,R,D,L,R,R,A,G,V,Q,V,K,V,M,S,Y,K,D,Y,F,Y,C,W,Q,T,F,V,A,H,R,L,S,R,F,K,A,W,E,G,L,H,T,N,Y,V,R,L,S,R,K,L,N,R,I,L,Q,P,C,E,T,E,D,L,R,D,V,F,R,L,F,G,L,L,T,
Gm_N29H_H136E_V137R,8,7.89,7.42E-06,36.38,0.1407,2.28E-07,3.979,0.9741,2.04E-07,M,I,S,K,L,D,S,V,L,L,A,Q,K,K,F,I,Y,N,Y,K,N,M,R,W,A,K,G,R,H,E,T,Y,L,C,F,V,V,K,R,R,L,G,P,D,S,L,S,F,D,F,G,H,L,R,N,R,T,G,C,H,A,E,L,L,F,L,S,Y,L,,,G,A,L,C,P,G,L,W,G,C,A,D,D,R,N,R,R,L,S,Y,S,V,T,W,F,C,S,W,S,P,C,A,N,C,A,T,T,L,T,R,F,L,R,Q,T,P,N,L,R,L,R,I,F,V,S,R,L,Y,F,C,D,L,E,G,S,P,E,R,E,G,L,R,D,L,R,R,A,G,V,Q,V,K,V,M,S,Y,K,D,Y,F,Y,C,W,Q,T,F,V,A,H,R,L,S,R,F,K,A,W,E,G,L,H,T,N,Y,V,R,L,S,R,K,L,N,R,I,L,Q,P,C,E,T,E,D,L,R,D,V,F,R,L,F,G,L,L,T,
Gm_N29R_H136E_V137R,8,7.77,1.48E-05,44.23,0.2812,4.19E-07,4.334,0.9789,3.36E-07,M,I,S,K,L,D,S,V,L,L,A,Q,K,K,F,I,Y,N,Y,K,N,M,R,W,A,K,G,R,R,E,T,Y,L,C,F,V,V,K,R,R,L,G,P,D,S,L,S,F,D,F,G,H,L,R,N,R,T,G,C,H,A,E,L,L,F,L,S,Y,L,,,G,A,L,C,P,G,L,W,G,C,A,D,D,R,N,R,R,L,S,Y,S,V,T,W,F,C,S,W,S,P,C,A,N,C,A,T,T,L,T,R,F,L,R,Q,T,P,N,L,R,L,R,I,F,V,S,R,L,Y,F,C,D,L,E,G,S,P,E,R,E,G,L,R,D,L,R,R,A,G,V,Q,V,K,V,M,S,Y,K,D,Y,F,Y,C,W,Q,T,F,V,A,H,R,L,S,R,F,K,A,W,E,G,L,H,T,N,Y,V,R,L,S,R,K,L,N,R,I,L,Q,P,C,E,T,E,D,L,R,D,V,F,R,L,F,G,L,L,T,
Gm_R83E,12,7.89,1.28E-06,51.95,0.02424,4.00E-08,5.519,0.9762,2.46E-08,M,I,S,K,L,D,S,V,L,L,A,Q,K,K,F,I,Y,N,Y,K,N,M,R,W,A,K,G,R,N,E,T,Y,L,C,F,V,V,K,R,R,L,G,P,D,S,L,S,F,D,F,G,H,L,R,N,R,T,G,C,H,A,E,L,L,F,L,S,Y,L,,,G,A,L,C,P,G,L,W,G,C,A,D,D,E,N,R,R,L,S,Y,S,V,T,W,F,C,S,W,S,P,C,A,N,C,A,T,T,L,T,R,F,L,R,Q,T,P,N,L,R,L,R,I,F,V,S,R,L,Y,F,C,D,L,E,G,S,P,H,V,E,G,L,R,D,L,R,R,A,G,V,Q,V,K,V,M,S,Y,K,D,Y,F,Y,C,W,Q,T,F,V,A,H,R,L,S,R,F,K,A,W,E,G,L,H,T,N,Y,V,R,L,S,R,K,L,N,R,I,L,Q,P,C,E,T,E,D,L,R,D,V,F,R,L,F,G,L,L,T,
Gm_K151N,12,7.89,9.45E-07,102,0.01795,4.35E-08,13.9,0.9683,9.26E-09,M,I,S,K,L,D,S,V,L,L,A,Q,K,K,F,I,Y,N,Y,K,N,M,R,W,A,K,G,R,N,E,T,Y,L,C,F,V,V,K,R,R,L,G,P,D,S,L,S,F,D,F,G,H,L,R,N,R,T,G,C,H,A,E,L,L,F,L,S,Y,L,,,G,A,L,C,P,G,L,W,G,C,A,D,D,R,N,R,R,L,S,Y,S,V,T,W,F,C,S,W,S,P,C,A,N,C,A,T,T,L,T,R,F,L,R,Q,T,P,N,L,R,L,R,I,F,V,S,R,L,Y,F,C,D,L,E,G,S,P,H,V,E,G,L,R,D,L,R,R,A,G,V,Q,V,N,V,M,S,Y,K,D,Y,F,Y,C,W,Q,T,F,V,A,H,R,L,S,R,F,K,A,W,E,G,L,H,T,N,Y,V,R,L,S,R,K,L,N,R,I,L,Q,P,C,E,T,E,D,L,R,D,V,F,R,L,F,G,L,L,T,
Gm_K151T,12,7.89,1.46E-06,293.9,0.0278,1.03E-07,44.15,0.9771,4.98E-09,M,I,S,K,L,D,S,V,L,L,A,Q,K,K,F,I,Y,N,Y,K,N,M,R,W,A,K,G,R,N,E,T,Y,L,C,F,V,V,K,R,R,L,G,P,D,S,L,S,F,D,F,G,H,L,R,N,R,T,G,C,H,A,E,L,L,F,L,S,Y,L,,,G,A,L,C,P,G,L,W,G,C,A,D,D,R,N,R,R,L,S,Y,S,V,T,W,F,C,S,W,S,P,C,A,N,C,A,T,T,L,T,R,F,L,R,Q,T,P,N,L,R,L,R,I,F,V,S,R,L,Y,F,C,D,L,E,G,S,P,H,V,E,G,L,R,D,L,R,R,A,G,V,Q,V,T,V,M,S,Y,K,D,Y,F,Y,C,W,Q,T,F,V,A,H,R,L,S,R,F,K,A,W,E,G,L,H,T,N,Y,V,R,L,S,R,K,L,N,R,I,L,Q,P,C,E,T,E,D,L,R,D,V,F,R,L,F,G,L,L,T,
Gm_F209I,12,7.89,1.93E-06,40.22,0.03674,8.89E-08,6.487,0.9462,4.81E-08,M,I,S,K,L,D,S,V,L,L,A,Q,K,K,F,I,Y,N,Y,K,N,M,R,W,A,K,G,R,N,E,T,Y,L,C,F,V,V,K,R,R,L,G,P,D,S,L,S,F,D,F,G,H,L,R,N,R,T,G,C,H,A,E,L,L,F,L,S,Y,L,,,G,A,L,C,P,G,L,W,G,C,A,D,D,R,N,R,R,L,S,Y,S,V,T,W,F,C,S,W,S,P,C,A,N,C,A,T,T,L,T,R,F,L,R,Q,T,P,N,L,R,L,R,I,F,V,S,R,L,Y,F,C,D,L,E,G,S,P,H,V,E,G,L,R,D,L,R,R,A,G,V,Q,V,K,V,M,S,Y,K,D,Y,F,Y,C,W,Q,T,F,V,A,H,R,L,S,R,F,K,A,W,E,G,L,H,T,N,Y,V,R,L,S,R,K,L,N,R,I,L,Q,P,C,E,T,E,D,L,R,D,V,F,R,L,I,G,L,L,T,
Gm_R83E_K151N,12,7.89,2.33E-06,317.3,0.04425,2.14E-07,60.75,0.9636,7.34E-09,M,I,S,K,L,D,S,V,L,L,A,Q,K,K,F,I,Y,N,Y,K,N,M,R,W,A,K,G,R,N,E,T,Y,L,C,F,V,V,K,R,R,L,G,P,D,S,L,S,F,D,F,G,H,L,R,N,R,T,G,C,H,A,E,L,L,F,L,S,Y,L,,,G,A,L,C,P,G,L,W,G,C,A,D,D,E,N,R,R,L,S,Y,S,V,T,W,F,C,S,W,S,P,C,A,N,C,A,T,T,L,T,R,F,L,R,Q,T,P,N,L,R,L,R,I,F,V,S,R,L,Y,F,C,D,L,E,G,S,P,H,V,E,G,L,R,D,L,R,R,A,G,V,Q,V,N,V,M,S,Y,K,D,Y,F,Y,C,W,Q,T,F,V,A,H,R,L,S,R,F,K,A,W,E,G,L,H,T,N,Y,V,R,L,S,R,K,L,N,R,I,L,Q,P,C,E,T,E,D,L,R,D,V,F,R,L,F,G,L,L,T,
Gm_R83E_K151T,12,8.08,9.63E-07,138.8,0.01829,5.95E-08,23.39,0.9561,6.94E-09,M,I,S,K,L,D,S,V,L,L,A,Q,K,K,F,I,Y,N,Y,K,N,M,R,W,A,K,G,R,N,E,T,Y,L,C,F,V,V,K,R,R,L,G,P,D,S,L,S,F,D,F,G,H,L,R,N,R,T,G,C,H,A,E,L,L,F,L,S,Y,L,,,G,A,L,C,P,G,L,W,G,C,A,D,D,E,N,R,R,L,S,Y,S,V,T,W,F,C,S,W,S,P,C,A,N,C,A,T,T,L,T,R,F,L,R,Q,T,P,N,L,R,L,R,I,F,V,S,R,L,Y,F,C,D,L,E,G,S,P,H,V,E,G,L,R,D,L,R,R,A,G,V,Q,V,T,V,M,S,Y,K,D,Y,F,Y,C,W,Q,T,F,V,A,H,R,L,S,R,F,K,A,W,E,G,L,H,T,N,Y,V,R,L,S,R,K,L,N,R,I,L,Q,P,C,E,T,E,D,L,R,D,V,F,R,L,F,G,L,L,T,
Gm_R83E_F209I,12,8.08,8.95E-07,32.21,0.01701,3.46E-08,4.481,0.9544,2.78E-08,M,I,S,K,L,D,S,V,L,L,A,Q,K,K,F,I,Y,N,Y,K,N,M,R,W,A,K,G,R,N,E,T,Y,L,C,F,V,V,K,R,R,L,G,P,D,S,L,S,F,D,F,G,H,L,R,N,R,T,G,C,H,A,E,L,L,F,L,S,Y,L,,,G,A,L,C,P,G,L,W,G,C,A,D,D,E,N,R,R,L,S,Y,S,V,T,W,F,C,S,W,S,P,C,A,N,C,A,T,T,L,T,R,F,L,R,Q,T,P,N,L,R,L,R,I,F,V,S,R,L,Y,F,C,D,L,E,G,S,P,H,V,E,G,L,R,D,L,R,R,A,G,V,Q,V,K,V,M,S,Y,K,D,Y,F,Y,C,W,Q,T,F,V,A,H,R,L,S,R,F,K,A,W,E,G,L,H,T,N,Y,V,R,L,S,R,K,L,N,R,I,L,Q,P,C,E,T,E,D,L,R,D,V,F,R,L,I,G,L,L,T,
Gm_K151N_F209I,12,8.08,9.27E-07,81.85,0.01761,4.33E-08,11.91,0.9621,1.13E-08,M,I,S,K,L,D,S,V,L,L,A,Q,K,K,F,I,Y,N,Y,K,N,M,R,W,A,K,G,R,N,E,T,Y,L,C,F,V,V,K,R,R,L,G,P,D,S,L,S,F,D,F,G,H,L,R,N,R,T,G,C,H,A,E,L,L,F,L,S,Y,L,,,G,A,L,C,P,G,L,W,G,C,A,D,D,R,N,R,R,L,S,Y,S,V,T,W,F,C,S,W,S,P,C,A,N,C,A,T,T,L,T,R,F,L,R,Q,T,P,N,L,R,L,R,I,F,V,S,R,L,Y,F,C,D,L,E,G,S,P,H,V,E,G,L,R,D,L,R,R,A,G,V,Q,V,N,V,M,S,Y,K,D,Y,F,Y,C,W,Q,T,F,V,A,H,R,L,S,R,F,K,A,W,E,G,L,H,T,N,Y,V,R,L,S,R,K,L,N,R,I,L,Q,P,C,E,T,E,D,L,R,D,V,F,R,L,I,G,L,L,T,
Gm_K151T_F209I,12,8.08,6.69E-07,84,0.01271,2.88E-08,11.22,0.9687,7.96E-09,M,I,S,K,L,D,S,V,L,L,A,Q,K,K,F,I,Y,N,Y,K,N,M,R,W,A,K,G,R,N,E,T,Y,L,C,F,V,V,K,R,R,L,G,P,D,S,L,S,F,D,F,G,H,L,R,N,R,T,G,C,H,A,E,L,L,F,L,S,Y,L,,,G,A,L,C,P,G,L,W,G,C,A,D,D,R,N,R,R,L,S,Y,S,V,T,W,F,C,S,W,S,P,C,A,N,C,A,T,T,L,T,R,F,L,R,Q,T,P,N,L,R,L,R,I,F,V,S,R,L,Y,F,C,D,L,E,G,S,P,H,V,E,G,L,R,D,L,R,R,A,G,V,Q,V,T,V,M,S,Y,K,D,Y,F,Y,C,W,Q,T,F,V,A,H,R,L,S,R,F,K,A,W,E,G,L,H,T,N,Y,V,R,L,S,R,K,L,N,R,I,L,Q,P,C,E,T,E,D,L,R,D,V,F,R,L,I,G,L,L,T,
Gm_R83E_K151N_F209I,12,7.89,7.55E-07,67.18,0.01435,3.51E-08,10.12,0.9564,1.12E-08,M,I,S,K,L,D,S,V,L,L,A,Q,K,K,F,I,Y,N,Y,K,N,M,R,W,A,K,G,R,N,E,T,Y,L,C,F,V,V,K,R,R,L,G,P,D,S,L,S,F,D,F,G,H,L,R,N,R,T,G,C,H,A,E,L,L,F,L,S,Y,L,,,G,A,L,C,P,G,L,W,G,C,A,D,D,E,N,R,R,L,S,Y,S,V,T,W,F,C,S,W,S,P,C,A,N,C,A,T,T,L,T,R,F,L,R,Q,T,P,N,L,R,L,R,I,F,V,S,R,L,Y,F,C,D,L,E,G,S,P,H,V,E,G,L,R,D,L,R,R,A,G,V,Q,V,N,V,M,S,Y,K,D,Y,F,Y,C,W,Q,T,F,V,A,H,R,L,S,R,F,K,A,W,E,G,L,H,T,N,Y,V,R,L,S,R,K,L,N,R,I,L,Q,P,C,E,T,E,D,L,R,D,V,F,R,L,I,G,L,L,T,
Gm_R83E_K151T_F209I,12,8.08,4.49E-07,39.47,0.008537,1.59E-08,4.926,0.9656,1.14E-08,M,I,S,K,L,D,S,V,L,L,A,Q,K,K,F,I,Y,N,Y,K,N,M,R,W,A,K,G,R,N,E,T,Y,L,C,F,V,V,K,R,R,L,G,P,D,S,L,S,F,D,F,G,H,L,R,N,R,T,G,C,H,A,E,L,L,F,L,S,Y,L,,,G,A,L,C,P,G,L,W,G,C,A,D,D,E,N,R,R,L,S,Y,S,V,T,W,F,C,S,W,S,P,C,A,N,C,A,T,T,L,T,R,F,L,R,Q,T,P,N,L,R,L,R,I,F,V,S,R,L,Y,F,C,D,L,E,G,S,P,H,V,E,G,L,R,D,L,R,R,A,G,V,Q,V,T,V,M,S,Y,K,D,Y,F,Y,C,W,Q,T,F,V,A,H,R,L,S,R,F,K,A,W,E,G,L,H,T,N,Y,V,R,L,S,R,K,L,N,R,I,L,Q,P,C,E,T,E,D,L,R,D,V,F,R,L,I,G,L,L,T,
Gadidae_ANC,8,8.08,5.72E-08,46.7,0.00109,2.56E-09,3.969,0.9819,1.22E-09,M,I,S,K,L,D,S,V,L,L,A,Q,K,K,F,I,I,N,Y,K,N,M,R,W,A,K,G,R,N,E,T,Y,L,C,F,V,V,K,R,R,L,G,P,D,S,L,S,F,D,F,G,H,L,R,N,R,T,G,C,H,V,E,L,L,F,L,S,H,L,,,G,A,L,C,P,G,L,W,G,C,G,G,D,R,N,R,R,L,S,Y,S,V,T,W,F,C,S,W,S,P,C,A,N,C,A,A,T,L,A,R,F,L,R,Q,T,P,N,L,R,L,R,I,F,V,A,R,L,Y,F,C,D,L,E,D,S,P,H,I,E,G,L,R,D,L,R,R,A,G,V,Q,V,K,V,M,S,Y,K,D,Y,F,Y,C,W,Q,T,F,V,A,H,R,L,S,R,F,K,A,W,E,G,L,H,T,N,S,V,R,L,S,R,K,L,N,R,I,L,Q,P,C,E,T,E,D,L,R,D,A,F,R,L,F,G,L,L,T,
Gadidae_D133G,8,8.08,3.58E-07,316.9,0.006838,1.60E-08,29.55,0.9881,1.13E-09,M,I,S,K,L,D,S,V,L,L,A,Q,K,K,F,I,I,N,Y,K,N,M,R,W,A,K,G,R,N,E,T,Y,L,C,F,V,V,K,R,R,L,G,P,D,S,L,S,F,D,F,G,H,L,R,N,R,T,G,C,H,V,E,L,L,F,L,S,H,L,,,G,A,L,C,P,G,L,W,G,C,G,G,D,R,N,R,R,L,S,Y,S,V,T,W,F,C,S,W,S,P,C,A,N,C,A,A,T,L,A,R,F,L,R,Q,T,P,N,L,R,L,R,I,F,V,A,R,L,Y,F,C,D,L,E,D,S,P,H,I,E,G,L,R,D,L,R,R,A,G,V,Q,V,K,V,M,S,Y,K,D,Y,F,Y,C,W,Q,T,F,V,A,H,R,L,S,R,F,K,A,W,E,G,L,H,T,N,S,V,R,L,S,R,K,L,N,R,I,L,Q,P,C,E,T,E,D,L,R,D,A,F,R,L,F,G,L,L,T,
Gadiformes_ANC,8,7.89,1.90E-06,12.41,0.03629,5.05E-08,1.084,0.9604,1.53E-07,M,I,S,K,L,D,S,V,L,L,A,Q,K,K,F,M,Y,N,Y,K,N,M,R,W,A,K,G,R,N,E,T,Y,L,C,F,V,V,K,R,R,L,G,P,D,S,L,S,F,D,F,G,H,L,R,N,R,T,G,C,H,V,E,L,L,F,L,S,H,L,,,G,A,L,C,P,G,L,W,G,C,G,G,D,E,N,R,R,L,S,Y,S,V,T,W,F,C,S,W,S,P,C,A,N,C,A,A,T,L,A,R,F,L,R,Q,T,P,N,L,R,L,R,I,F,V,A,R,L,Y,F,C,D,L,E,D,S,P,H,I,E,G,L,R,D,L,R,R,A,G,V,Q,V,T,V,M,S,Y,K,D,Y,F,Y,C,W,Q,T,F,V,A,H,R,L,S,R,F,K,A,W,E,G,L,H,T,N,S,V,R,L,S,R,K,L,N,R,I,L,Q,P,C,E,T,E,D,L,R,D,A,F,R,L,I,G,L,L,T,
Zeiogadaria_ANC,12,7.56,2.77E-05,124.5,0.527,1.05E-06,13.26,0.9658,2.22E-07,M,I,T,K,L,D,S,V,L,L,A,R,K,K,F,I,Y,H,Y,K,N,M,R,W,A,K,G,R,H,E,T,Y,L,C,F,V,V,K,R,R,V,G,P,D,S,L,S,F,D,F,G,H,L,R,N,R,T,G,C,H,V,E,L,L,F,L,R,H,L,,,G,A,L,C,P,G,L,W,G,Y,G,G,A,G,E,R,R,L,S,Y,S,V,T,W,F,C,S,W,S,P,C,A,N,C,S,F,R,L,A,Q,F,L,R,Q,T,P,N,L,R,L,R,I,F,V,S,R,L,Y,F,C,D,L,E,D,S,R,E,R,E,G,L,R,I,L,K,R,A,G,V,Q,I,T,V,M,S,Y,K,D,Y,F,Y,C,W,Q,T,F,C,A,H,R,Q,S,S,F,K,A,W,D,G,L,H,Q,N,S,V,R,L,A,R,K,L,N,R,I,L,Q,P,C,E,T,E,D,L,R,D,A,F,K,L,L,G,L,L,,
Zeiogadaria_R12Q,12,7.56,1.97E-05,60.9,0.3749,5.52E-07,5.636,0.9674,3.23E-07,M,I,T,K,L,D,S,V,L,L,A,Q,K,K,F,I,Y,H,Y,K,N,M,R,W,A,K,G,R,H,E,T,Y,L,C,F,V,V,K,R,R,V,G,P,D,S,L,S,F,D,F,G,H,L,R,N,R,T,G,C,H,V,E,L,L,F,L,R,H,L,,,G,A,L,C,P,G,L,W,G,Y,G,G,A,G,E,R,R,L,S,Y,S,V,T,W,F,C,S,W,S,P,C,A,N,C,S,F,R,L,A,Q,F,L,R,Q,T,P,N,L,R,L,R,I,F,V,S,R,L,Y,F,C,D,L,E,D,S,R,E,R,E,G,L,R,I,L,K,R,A,G,V,Q,I,T,V,M,S,Y,K,D,Y,F,Y,C,W,Q,T,F,C,A,H,R,Q,S,S,F,K,A,W,D,G,L,H,Q,N,S,V,R,L,A,R,K,L,N,R,I,L,Q,P,C,E,T,E,D,L,R,D,A,F,K,L,L,G,L,L,,
Zeiogadaria_G83D,12,7.56,1.54E-05,39.77,0.2927,4.29E-07,3.895,0.9591,3.87E-07,M,I,T,K,L,D,S,V,L,L,A,R,K,K,F,I,Y,H,Y,K,N,M,R,W,A,K,G,R,H,E,T,Y,L,C,F,V,V,K,R,R,V,G,P,D,S,L,S,F,D,F,G,H,L,R,N,R,T,G,C,H,V,E,L,L,F,L,R,H,L,,,G,A,L,C,P,G,L,W,G,Y,G,G,A,D,E,R,R,L,S,Y,S,V,T,W,F,C,S,W,S,P,C,A,N,C,S,F,R,L,A,Q,F,L,R,Q,T,P,N,L,R,L,R,I,F,V,S,R,L,Y,F,C,D,L,E,D,S,R,E,R,E,G,L,R,I,L,K,R,A,G,V,Q,I,T,V,M,S,Y,K,D,Y,F,Y,C,W,Q,T,F,C,A,H,R,Q,S,S,F,K,A,W,D,G,L,H,Q,N,S,V,R,L,A,R,K,L,N,R,I,L,Q,P,C,E,T,E,D,L,R,D,A,F,K,L,L,G,L,L,,
Zeiogadaria_S172R,12,7.56,1.79E-05,75.58,0.3404,4.97E-07,6.649,0.9721,2.37E-07,M,I,T,K,L,D,S,V,L,L,A,R,K,K,F,I,Y,H,Y,K,N,M,R,W,A,K,G,R,H,E,T,Y,L,C,F,V,V,K,R,R,V,G,P,D,S,L,S,F,D,F,G,H,L,R,N,R,T,G,C,H,V,E,L,L,F,L,R,H,L,,,G,A,L,C,P,G,L,W,G,Y,G,G,A,G,E,R,R,L,S,Y,S,V,T,W,F,C,S,W,S,P,C,A,N,C,S,F,R,L,A,Q,F,L,R,Q,T,P,N,L,R,L,R,I,F,V,S,R,L,Y,F,C,D,L,E,D,S,R,E,R,E,G,L,R,I,L,K,R,A,G,V,Q,I,T,V,M,S,Y,K,D,Y,F,Y,C,W,Q,T,F,C,A,H,R,Q,S,R,F,K,A,W,D,G,L,H,Q,N,S,V,R,L,A,R,K,L,N,R,I,L,Q,P,C,E,T,E,D,L,R,D,A,F,K,L,L,G,L,L,,
Zeiogadaria_R12Q_G83D,12,7.56,1.82E-05,47.62,0.3469,4.48E-07,4.01,0.9709,3.83E-07,M,I,T,K,L,D,S,V,L,L,A,Q,K,K,F,I,Y,H,Y,K,N,M,R,W,A,K,G,R,H,E,T,Y,L,C,F,V,V,K,R,R,V,G,P,D,S,L,S,F,D,F,G,H,L,R,N,R,T,G,C,H,V,E,L,L,F,L,R,H,L,,,G,A,L,C,P,G,L,W,G,Y,G,G,A,D,E,R,R,L,S,Y,S,V,T,W,F,C,S,W,S,P,C,A,N,C,S,F,R,L,A,Q,F,L,R,Q,T,P,N,L,R,L,R,I,F,V,S,R,L,Y,F,C,D,L,E,D,S,R,E,R,E,G,L,R,I,L,K,R,A,G,V,Q,I,T,V,M,S,Y,K,D,Y,F,Y,C,W,Q,T,F,C,A,H,R,Q,S,S,F,K,A,W,D,G,L,H,Q,N,S,V,R,L,A,R,K,L,N,R,I,L,Q,P,C,E,T,E,D,L,R,D,A,F,K,L,L,G,L,L,,
Zeiogadaria_R12Q_S172R,12,7.56,1.68E-05,69.12,0.3188,4.45E-07,5.911,0.9727,2.43E-07,M,I,T,K,L,D,S,V,L,L,A,Q,K,K,F,I,Y,H,Y,K,N,M,R,W,A,K,G,R,H,E,T,Y,L,C,F,V,V,K,R,R,V,G,P,D,S,L,S,F,D,F,G,H,L,R,N,R,T,G,C,H,V,E,L,L,F,L,R,H,L,,,G,A,L,C,P,G,L,W,G,Y,G,G,A,G,E,R,R,L,S,Y,S,V,T,W,F,C,S,W,S,P,C,A,N,C,S,F,R,L,A,Q,F,L,R,Q,T,P,N,L,R,L,R,I,F,V,S,R,L,Y,F,C,D,L,E,D,S,R,E,R,E,G,L,R,I,L,K,R,A,G,V,Q,I,T,V,M,S,Y,K,D,Y,F,Y,C,W,Q,T,F,C,A,H,R,Q,S,R,F,K,A,W,D,G,L,H,Q,N,S,V,R,L,A,R,K,L,N,R,I,L,Q,P,C,E,T,E,D,L,R,D,A,F,K,L,L,G,L,L,,
Zeiogadaria_G83D_S172R,12,7.56,1.46E-05,73.22,0.2768,5.04E-07,7.633,0.9586,1.99E-07,M,I,T,K,L,D,S,V,L,L,A,R,K,K,F,I,Y,H,Y,K,N,M,R,W,A,K,G,R,H,E,T,Y,L,C,F,V,V,K,R,R,V,G,P,D,S,L,S,F,D,F,G,H,L,R,N,R,T,G,C,H,V,E,L,L,F,L,R,H,L,,,G,A,L,C,P,G,L,W,G,Y,G,G,A,D,E,R,R,L,S,Y,S,V,T,W,F,C,S,W,S,P,C,A,N,C,S,F,R,L,A,Q,F,L,R,Q,T,P,N,L,R,L,R,I,F,V,S,R,L,Y,F,C,D,L,E,D,S,R,E,R,E,G,L,R,I,L,K,R,A,G,V,Q,I,T,V,M,S,Y,K,D,Y,F,Y,C,W,Q,T,F,C,A,H,R,Q,S,R,F,K,A,W,D,G,L,H,Q,N,S,V,R,L,A,R,K,L,N,R,I,L,Q,P,C,E,T,E,D,L,R,D,A,F,K,L,L,G,L,L,,
B_saida,,,0.00E+00,,,,,,0,M,I,R,K,L,D,S,V,L,L,A,Q,N,K,F,I,Y,N,Y,K,N,M,R,W,A,K,G,R,N,E,T,Y,L,C,F,V,V,K,R,R,L,G,P,D,S,L,S,F,D,F,G,H,L,H,N,R,T,G,C,H,A,E,L,L,F,L,S,Y,L,,,G,A,L,C,P,G,L,W,G,C,A,D,D,R,N,R,R,L,S,Y,S,V,T,W,F,C,S,W,S,P,C,A,N,C,A,T,T,L,T,R,F,L,R,Q,T,P,N,L,R,L,R,I,F,V,S,R,L,Y,F,C,D,L,E,G,S,P,H,V,E,G,L,R,D,P,R,R,A,G,V,Q,V,K,V,M,S,Y,K,D,Y,F,Y,C,W,Q,T,F,V,A,H,R,L,S,R,F,K,A,W,E,G,L,H,T,N,Y,V,R,L,S,R,K,L,N,R,I,L,Q,P,C,E,T,E,D,L,R,D,V,F,R,L,F,G,L,L,T,
M_zugmayeri,,,0.00E+00,,,,,,0,M,I,S,N,L,D,S,V,L,L,A,Q,K,K,F,M,Y,N,Y,K,N,M,H,W,A,K,G,R,N,A,T,Y,L,C,F,V,V,K,R,R,L,G,P,D,S,L,S,F,D,F,G,H,L,H,N,R,T,G,C,H,A,E,L,L,F,L,S,H,L,,,G,A,L,C,P,G,L,W,G,C,G,G,D,K,N,R,R,L,S,Y,S,V,T,W,F,C,S,W,S,P,C,A,N,C,A,A,T,L,A,R,F,L,R,Q,T,P,N,L,R,L,R,I,F,V,A,R,V,Y,F,C,E,Q,E,D,S,P,H,I,E,G,L,R,D,L,R,R,A,G,V,Q,V,T,V,M,S,Y,K,D,Y,F,Y,C,W,Q,T,F,V,A,H,R,L,S,R,F,K,T,W,E,G,L,H,T,N,S,V,R,L,S,R,K,L,N,R,I,L,Q,P,C,E,T,E,D,L,R,D,A,F,R,L,I,G,L,L,T,
Zeiogadaria_R12Q_G83D_S172R,12,7.56,1.85E-05,84.3,0.3504,3.82E-07,4.688,0.9886,2.19E-07,M,I,T,K,L,D,S,V,L,L,A,Q,K,K,F,I,Y,H,Y,K,N,M,R,W,A,K,G,R,H,E,T,Y,L,C,F,V,V,K,R,R,V,G,P,D,S,L,S,F,D,F,G,H,L,R,N,R,T,G,C,H,V,E,L,L,F,L,R,H,L,,,G,A,L,C,P,G,L,W,G,Y,G,G,A,D,E,R,R,L,S,Y,S,V,T,W,F,C,S,W,S,P,C,A,N,C,S,F,R,L,A,Q,F,L,R,Q,T,P,N,L,R,L,R,I,F,V,S,R,L,Y,F,C,D,L,E,D,S,R,E,R,E,G,L,R,I,L,K,R,A,G,V,Q,I,T,V,M,S,Y,K,D,Y,F,Y,C,W,Q,T,F,C,A,H,R,Q,S,R,F,K,A,W,D,G,L,H,Q,N,S,V,R,L,A,R,K,L,N,R,I,L,Q,P,C,E,T,E,D,L,R,D,A,F,K,L,L,G,L,L,,
M_mora,0,8.08,,,,,,,,M,I,S,T,L,D,S,V,L,L,A,Q,K,K,F,M,Y,N,Y,K,N,M,R,W,A,K,G,R,N,E,T,Y,L,C,F,V,V,K,R,R,L,G,P,D,S,L,S,F,D,F,G,H,L,R,N,R,T,G,C,H,V,E,L,L,F,L,S,H,L,,,G,A,L,C,P,G,L,W,G,C,G,G,D,E,N,R,R,L,S,Y,S,V,T,W,F,C,S,W,S,P,C,A,N,C,A,A,T,L,A,R,F,L,R,Q,T,P,N,L,R,L,R,I,F,V,A,R,L,Y,F,C,D,L,E,D,S,P,H,I,E,G,L,R,D,L,R,R,A,G,V,Q,V,T,V,M,S,Y,K,D,Y,F,Y,C,W,Q,T,F,V,A,H,R,L,S,R,F,K,A,W,E,G,L,H,T,N,S,V,R,L,S,R,K,L,N,R,I,L,Q,P,C,E,T,E,D,L,R,D,A,F,R,L,I,G,L,L,T,
T_scarbus,0,8.08,,,,,,,,M,I,S,K,L,D,S,V,L,L,A,Q,K,K,F,I,Y,N,Y,K,N,M,R,W,A,K,G,R,N,E,T,Y,L,C,F,V,V,K,R,R,L,G,P,D,S,L,S,F,D,F,G,H,L,R,N,R,L,G,C,H,V,E,L,L,F,L,S,H,L,,,G,A,L,C,P,G,L,W,G,C,G,G,D,E,N,R,R,L,S,Y,S,V,T,W,F,C,S,W,S,P,C,A,N,C,A,A,T,L,A,R,F,L,R,H,T,P,N,L,R,L,R,I,F,V,A,R,L,Y,F,C,D,L,E,D,S,P,H,I,E,G,L,R,D,L,R,R,A,G,V,Q,V,T,V,M,S,Y,K,D,Y,F,Y,C,W,Q,T,F,V,A,H,R,L,S,R,F,K,A,W,E,G,L,H,T,N,S,V,R,L,S,R,K,L,N,R,I,L,Q,P,C,E,T,E,D,L,R,D,A,F,R,L,I,G,L,L,T,
Gadidae_sister_ANC,8,7.89,1.89E-06,43.82,0.03606,5.56E-08,4.475,0.9545,4.31E-08,M,I,S,K,L,D,S,V,L,L,A,Q,K,K,F,I,Y,N,Y,K,N,M,R,W,A,K,G,R,N,E,T,Y,L,C,F,V,V,K,R,R,L,G,P,D,S,L,S,F,D,F,G,H,L,R,N,R,T,G,C,H,V,E,L,L,F,L,S,H,L,,,G,A,L,C,P,G,L,W,G,C,G,G,D,E,N,R,R,L,S,Y,S,V,T,W,F,C,S,W,S,P,C,A,N,C,A,A,T,L,A,R,F,L,R,Q,T,P,N,L,R,L,R,I,F,V,A,R,L,Y,F,C,D,L,E,D,S,P,H,I,E,G,L,R,D,L,R,R,A,G,V,Q,V,T,V,M,S,Y,K,D,Y,F,Y,C,W,Q,T,F,V,A,H,R,L,S,R,F,K,A,W,E,G,L,H,T,N,S,V,R,L,S,R,K,L,N,R,I,L,Q,P,C,E,T,E,D,L,R,D,A,F,R,L,I,G,L,L,T,
Gadidae_sister_T151N,8,7.89,,,,,,,,M,I,S,K,L,D,S,V,L,L,A,Q,K,K,F,I,Y,N,Y,K,N,M,R,W,A,K,G,R,N,E,T,Y,L,C,F,V,V,K,R,R,L,G,P,D,S,L,S,F,D,F,G,H,L,R,N,R,T,G,C,H,V,E,L,L,F,L,S,H,L,,,G,A,L,C,P,G,L,W,G,C,G,G,D,E,N,R,R,L,S,Y,S,V,T,W,F,C,S,W,S,P,C,A,N,C,A,A,T,L,A,R,F,L,R,Q,T,P,N,L,R,L,R,I,F,V,A,R,L,Y,F,C,D,L,E,D,S,P,H,I,E,G,L,R,D,L,R,R,A,G,V,Q,V,N,V,M,S,Y,K,D,Y,F,Y,C,W,Q,T,F,V,A,H,R,L,S,R,F,K,A,W,E,G,L,H,T,N,S,V,R,L,S,R,K,L,N,R,I,L,Q,P,C,E,T,E,D,L,R,D,A,F,R,L,I,G,L,L,T,
